<?xml version="1.0" encoding="UTF-8" standalone="no"?>
<synergyConfiguration version="3">
  <generalSettings>
    <option key="#Board#" value="board.s7g2_sk"/>
    <option key="CPU" value="S7G2"/>
    <option key="#TargetName#" value="R7FS7G27H3A01CFC"/>
    <option key="#TargetARCHITECTURE#" value="cortex-m4"/>
    <option key="#RTOS#" value="Express Logic ThreadX"/>
    <option key="#pinconfiguration#" value="S7G2-SK.pincfg"/>
    <option key="#SSPVersion#" value="1.3.0"/>
    <option key="#DefaultLinkerScript#" value="S7G2.ld"/>
    <option key="#ConfigurationFragments#" value="Renesas##BSP##Board##s7g2_sk##"/>
  </generalSettings>
  <synergyBspConfiguration>
    <config id="config.bsp.s7g2.R7FS7G27H3A01CFC">
      <property id="config.bsp.part_number" value="config.bsp.part_number.value"/>
      <property id="config.bsp.rom_size_bytes" value="config.bsp.rom_size_bytes.value"/>
      <property id="config.bsp.ram_size_bytes" value="config.bsp.ram_size_bytes.value"/>
      <property id="config.bsp.data_flash_size_bytes" value="config.bsp.data_flash_size_bytes.value"/>
      <property id="config.bsp.package_style" value="config.bsp.package_style.value"/>
      <property id="config.bsp.package_pins" value="config.bsp.package_pins.value"/>
    </config>
    <config id="config.bsp.s7g2">
      <property id="config.bsp.series" value="config.bsp.series.value"/>
    </config>
    <config id="config.bsp.s7g2.ssp">
      <property id="config.bsp.s7g2.ssp.OFS0" value="config.bsp.s7g2.ssp.OFS0_Register.default"/>
      <property id="config.bsp.s7g2.ssp.OFS0.iwdt_start_mode" value="config.bsp.s7g2.ssp.OFS0.iwdt_start_mode.disabled"/>
      <property id="config.bsp.s7g2.ssp.OFS0.iwdt_timeout" value="config.bsp.s7g2.ssp.OFS0.iwdt_timeout.2048"/>
      <property id="config.bsp.s7g2.ssp.OFS0.iwdt_divisor" value="config.bsp.s7g2.ssp.OFS0.iwdt_divisor.128"/>
      <property id="config.bsp.s7g2.ssp.OFS0.iwdt_window_end" value="config.bsp.s7g2.ssp.OFS0.iwdt_window_end.0"/>
      <property id="config.bsp.s7g2.ssp.OFS0.iwdt_window_start" value="config.bsp.s7g2.ssp.OFS0.iwdt_window_start.100"/>
      <property id="config.bsp.s7g2.ssp.OFS0.iwdt_reset_interrupt" value="config.bsp.s7g2.ssp.OFS0.iwdt_reset_interrupt.Reset"/>
      <property id="config.bsp.s7g2.ssp.OFS0.iwdt_stop_control" value="config.bsp.s7g2.ssp.OFS0.iwdt_stop_control.stops"/>
      <property id="config.bsp.s7g2.ssp.OFS0.wdt_start_mode" value="config.bsp.s7g2.ssp.OFS0.wdt_start_mode.register"/>
      <property id="config.bsp.s7g2.ssp.OFS0.wdt_timeout" value="config.bsp.s7g2.ssp.OFS0.wdt_timeout.16384"/>
      <property id="config.bsp.s7g2.ssp.OFS0.wdt_divisor" value="config.bsp.s7g2.ssp.OFS0.wdt_divisor.128"/>
      <property id="config.bsp.s7g2.ssp.OFS0.wdt_window_end" value="config.bsp.s7g2.ssp.OFS0.wdt_window_end.0"/>
      <property id="config.bsp.s7g2.ssp.OFS0.wdt_window_start" value="config.bsp.s7g2.ssp.OFS0.wdt_window_start.100"/>
      <property id="config.bsp.s7g2.ssp.OFS0.wdt_reset_interrupt" value="config.bsp.s7g2.ssp.OFS0.wdt_reset_interrupt.Reset"/>
      <property id="config.bsp.s7g2.ssp.OFS0.wdt_stop_control" value="config.bsp.s7g2.ssp.OFS0.wdt_stop_control.stops"/>
      <property id="config.bsp.s7g2.ssp.OFS1" value="config.bsp.s7g2.ssp.OFS1_Register.default"/>
      <property id="config.bsp.s7g2.ssp.OFS1.voltage_detection0.start" value="config.bsp.s7g2.ssp.OFS1.voltage_detection0.start.disabled"/>
      <property id="config.bsp.s7g2.ssp.OFS1.voltage_detection0_level" value="config.bsp.s7g2.ssp.OFS1.voltage_detection0_level.280"/>
      <property id="config.bsp.s7g2.ssp.OFS1.hoco_osc" value="config.bsp.s7g2.ssp.OFS1.hoco_osc.disabled"/>
    </config>
    <config id="config.bsp.synergy">
      <property id="config.bsp.common.main" value="0x1000"/>
      <property id="config.bsp.common.process" value="0"/>
      <property id="config.bsp.common.heap" value="0x1000"/>
      <property id="config.bsp.common.vcc" value="3300"/>
      <property id="config.bsp.common.checking" value="config.bsp.common.checking.enabled"/>
      <property id="config.bsp.common.assert" value="config.bsp.common.assert.none"/>
      <property id="config.bsp.common.error_log" value="config.bsp.common.error_log.none"/>
      <property id="config.bsp.common.id1" value="0xFFFFFFFF"/>
      <property id="config.bsp.common.id2" value="0xFFFFFFFF"/>
      <property id="config.bsp.common.id3" value="0xFFFFFFFF"/>
      <property id="config.bsp.common.id4" value="0xFFFFFFFF"/>
    </config>
  </synergyBspConfiguration>
  <synergyClockConfiguration>
    <node id="board.clock.xtal.freq" mul="24000000" option="_edit"/>
    <node id="board.clock.pll.source" option="board.clock.pll.source.xtal"/>
    <node id="board.clock.hoco.freq" option="board.clock.hoco.freq.20m"/>
    <node id="board.clock.loco.freq" option="board.clock.loco.freq.32768"/>
    <node id="board.clock.moco.freq" option="board.clock.moco.freq.8m"/>
    <node id="board.clock.subclk.freq" option="board.clock.subclk.freq.32768"/>
    <node id="board.clock.pll.div" option="board.clock.pll.div.2"/>
    <node id="board.clock.pll.mul" option="board.clock.pll.mul.200"/>
    <node id="board.clock.pll.display" option="board.clock.pll.display.value"/>
    <node id="board.clock.clock.source" option="board.clock.clock.source.pll"/>
    <node id="board.clock.iclk.div" option="board.clock.iclk.div.1"/>
    <node id="board.clock.iclk.display" option="board.clock.iclk.display.value"/>
    <node id="board.clock.pclka.div" option="board.clock.pclka.div.2"/>
    <node id="board.clock.pclka.display" option="board.clock.pclka.display.value"/>
    <node id="board.clock.pclkb.div" option="board.clock.pclkb.div.4"/>
    <node id="board.clock.pclkb.display" option="board.clock.pclkb.display.value"/>
    <node id="board.clock.pclkc.div" option="board.clock.pclkc.div.4"/>
    <node id="board.clock.pclkc.display" option="board.clock.pclkc.display.value"/>
    <node id="board.clock.pclkd.div" option="board.clock.pclkd.div.2"/>
    <node id="board.clock.pclkd.display" option="board.clock.pclkd.display.value"/>
    <node id="board.clock.sdclkout.div" option="board.clock.sdclkout.div.1"/>
    <node id="board.clock.sdclkout.display" option="board.clock.sdclkout.display.value"/>
    <node id="board.clock.bclk.div" option="board.clock.bclk.div.2"/>
    <node id="board.clock.bclk.display" option="board.clock.bclk.display.value"/>
    <node id="board.clock.bclkout.div" option="board.clock.bclkout.div.2"/>
    <node id="board.clock.bclkout.display" option="board.clock.bclkout.display.value"/>
    <node id="board.clock.uclk.div" option="board.clock.uclk.div.5"/>
    <node id="board.clock.uclk.display" option="board.clock.uclk.display.value"/>
    <node id="board.clock.fclk.div" option="board.clock.fclk.div.4"/>
    <node id="board.clock.fclk.display" option="board.clock.fclk.display.value"/>
  </synergyClockConfiguration>
  <synergyComponentSelection>
    <component apiversion="" class="BSP" condition="" group="Board" subgroup="s7g2_sk" variant="" vendor="Renesas" version="1.3.0">
      <description>S7G2_SK Board Support Files</description>
      <originalPack>Renesas.Synergy_board_s7g2_sk.1.3.0.pack</originalPack>
    </component>
    <component apiversion="" class="Projects" condition="" group="all" subgroup="BlinkyThreadX" variant="" vendor="Renesas" version="1.3.0">
      <description>Simple application that blinks an LED. ThreadX RTOS included</description>
      <originalPack>Renesas.SynergyBlinkyThreadX.1.3.0.pack</originalPack>
    </component>
    <component apiversion="" class="BSP" condition="" group="s7g2" subgroup="device" variant="R7FS7G27H3A01CFC" vendor="Renesas" version="1.3.0">
      <description>Board support package for R7FS7G27H3A01CFC</description>
      <originalPack>Renesas.Synergy_mcu_s7g2.1.3.0.pack</originalPack>
    </component>
    <component apiversion="" class="BSP" condition="" group="s7g2" subgroup="device" variant="" vendor="Renesas" version="1.3.0">
      <description>Board support package for S7G2</description>
      <originalPack>Renesas.Synergy_mcu_s7g2.1.3.0.pack</originalPack>
    </component>
    <component apiversion="" class="BSP" condition="" group="s7g2" subgroup="ssp" variant="" vendor="Renesas" version="1.3.0">
      <description>Board support package for S7G2</description>
      <originalPack>Renesas.Synergy_mcu_s7g2.1.3.0.pack</originalPack>
    </component>
    <component apiversion="" class="Common" condition="" group="all" subgroup="ssp_common" variant="" vendor="Renesas" version="1.3.0">
      <description>SSP Common Code</description>
      <originalPack>Renesas.Synergy.1.3.0.pack</originalPack>
    </component>
    <component apiversion="" class="Framework Services" condition="" group="all" subgroup="sf_el_nx" variant="" vendor="Renesas" version="1.3.0">
      <description>Express Logic NetX Synergy Port: Provides=[NetX Driver] , Requires=[NetX]</description>
      <originalPack>Renesas.Synergy.1.3.0.pack</originalPack>
    </component>
    <component apiversion="" class="Express Logic" condition="" group="all" subgroup="nxd_dhcp" variant="" vendor="Renesas" version="1.3.0">
      <description>Express Logic NetX Duo DHCP: Provides=[NetX Duo DHCP] , Requires=[NetX Duo]</description>
      <originalPack>Renesas.Synergy.1.3.0.pack</originalPack>
    </component>
    <component apiversion="" class="Express Logic" condition="" group="all" subgroup="nxd_dns" variant="" vendor="Renesas" version="1.3.0">
      <description>Express Logic NetX Duo DNS: Provides=[NetX Duo DNS] , Requires=[NetX Duo]</description>
      <originalPack>Renesas.Synergy.1.3.0.pack</originalPack>
    </component>
    <component apiversion="" class="HAL Drivers" condition="" group="all" subgroup="r_cgc" variant="" vendor="Renesas" version="1.3.0">
      <description>Clock Generation Circuit: Provides=[CGC]</description>
      <originalPack>Renesas.Synergy.1.3.0.pack</originalPack>
    </component>
    <component apiversion="" class="HAL Drivers" condition="" group="all" subgroup="r_elc" variant="" vendor="Renesas" version="1.3.0">
      <description>Event Link Controller: Provides=[ELC]</description>
      <originalPack>Renesas.Synergy.1.3.0.pack</originalPack>
    </component>
    <component apiversion="" class="HAL Drivers" condition="" group="all" subgroup="r_fmi" variant="" vendor="Renesas" version="1.3.0">
      <description>Factory MCU Information Module: Provides=[FMI]</description>
      <originalPack>Renesas.Synergy.1.3.0.pack</originalPack>
    </component>
    <component apiversion="" class="HAL Drivers" condition="" group="all" subgroup="r_icu" variant="" vendor="Renesas" version="1.3.0">
      <description>External IRQ: Provides=[External IRQ]</description>
      <originalPack>Renesas.Synergy.1.3.0.pack</originalPack>
    </component>
    <component apiversion="" class="HAL Drivers" condition="" group="all" subgroup="r_ioport" variant="" vendor="Renesas" version="1.3.0">
      <description>I/O Port: Provides=[IO Port]</description>
      <originalPack>Renesas.Synergy.1.3.0.pack</originalPack>
    </component>
    <component apiversion="" class="HAL Drivers" condition="" group="all" subgroup="r_rspi" variant="" vendor="Renesas" version="1.3.0">
      <description>RSPI: Provides=[SPI]</description>
      <originalPack>Renesas.Synergy.1.3.0.pack</originalPack>
    </component>
    <component apiversion="" class="Express Logic" condition="" group="all" subgroup="nxd" variant="" vendor="Renesas" version="1.3.0">
      <description>Express Logic NetX Duo: Provides=[NetX Duo] , Requires=[ThreadX ,NetX Driver]</description>
      <originalPack>Renesas.Synergy.1.3.0.pack</originalPack>
    </component>
    <component apiversion="" class="Express Logic" condition="" group="all" subgroup="nxd_src" variant="" vendor="Renesas" version="1.3.0">
      <description>Express Logic NetX Duo: Provides=[NetX Duo] , Requires=[ThreadX ,NetX Driver]</description>
      <originalPack>Renesas.Synergy.1.3.0.pack</originalPack>
    </component>
    <component apiversion="" class="Express Logic" condition="" group="all" subgroup="nxd_bsd" variant="" vendor="Renesas" version="1.3.0">
      <description>Express Logic NetX Duo: Provides=[NetX Duo BSD Socket Compliance Layer] , Requires=[NetX Duo Source]</description>
      <originalPack>Renesas.Synergy.1.3.0.pack</originalPack>
    </component>
    <component apiversion="" class="Express Logic" condition="" group="all" subgroup="tx" variant="" vendor="Renesas" version="1.3.0">
      <description>Express Logic ThreadX: Provides=[ThreadX]</description>
      <originalPack>Renesas.Synergy.1.3.0.pack</originalPack>
    </component>
    <component apiversion="" class="Express Logic" condition="" group="all" subgroup="tx_src" variant="" vendor="Renesas" version="1.3.0">
      <description>Express Logic ThreadX: Provides=[ThreadX]</description>
      <originalPack>Renesas.Synergy.1.3.0.pack</originalPack>
    </component>
  </synergyComponentSelection>
  <synergyIcuConfiguration/>
  <synergyMessagingConfiguration/>
  <synergyModuleConfiguration>
    <module id="module.driver.cgc_on_cgc.0">
      <property id="module.driver.cgc.name" value="g_cgc"/>
    </module>
    <module id="module.driver.elc_on_elc.0">
      <property id="module.driver.elc.name" value="g_elc"/>
    </module>
    <module id="module.driver.ioport_on_ioport.0">
      <property id="module.driver.ioport.name" value="g_ioport"/>
    </module>
    <module id="module.driver.fmi_on_fmi.0">
      <property id="module.driver.fmi.name" value="g_fmi"/>
    </module>
    <module id="module.el.nxd_src.1288966466"/>
    <module id="module.framework.tx_src.2036567947">
      <property id="module.el.tx_src.linkage_warning" value="module.el.tx_src.linkage_warning.disabled"/>
    </module>
    <module id="module.driver.external_irq_on_icu.148961754">
      <property id="module.driver.external_irq.name" value="g_external_irq0"/>
      <property id="module.driver.external_irq.channel" value="4"/>
      <property id="module.driver.external_irq.trigger" value="module.driver.external_irq.trigger.trig_rising"/>
      <property id="module.driver.external_irq.filter_enable" value="module.driver.external_irq.filter_enable.false"/>
      <property id="module.driver.external_irq.pclk_div" value="module.driver.external_irq.pclk_div.pclk_div_by_64"/>
      <property id="module.driver.external_irq.interrupt_enable" value="module.driver.external_irq.interrupt_enable.true"/>
      <property id="module.driver.external_irq.p_callback" value="NULL"/>
      <property id="module.driver.external_irq.irq_ipl" value="board.icu.common.irq.priority7"/>
    </module>
    <module id="module.driver.spi_on_rspi.101886303">
      <property id="module.driver.spi.name" value="g_spi0"/>
      <property id="module.driver.spi.channel" value="0"/>
      <property id="module.driver.spi.operating_mode" value="module.driver.spi.operating_mode.mode_master"/>
      <property id="module.driver.spi.clk_phase" value="module.driver.spi.clk_phase.clk_phase_edge_odd"/>
      <property id="module.driver.spi.clk_polarity" value="module.driver.spi.clk_polarity.clk_polarity_low"/>
      <property id="module.driver.spi.mode_fault" value="module.driver.spi.mode_fault.mode_fault_error_disable"/>
      <property id="module.driver.spi.bit_order" value="module.driver.spi.bit_order.bit_order_msb_first"/>
      <property id="module.driver.spi.bitrate" value="500000"/>
      <property id="module.driver.spi.p_callback" value="NULL"/>
      <property id="module.driver.spi.rspi_clksyn" value="module.driver.spi.rspi_clksyn.spi_operation"/>
      <property id="module.driver.spi.rspi_comm" value="module.driver.spi.rspi_comm.full_duplex"/>
      <property id="module.driver.spi.sslp0" value="module.driver.spi.sslp0.low"/>
      <property id="module.driver.spi.sslp1" value="module.driver.spi.sslp1.low"/>
      <property id="module.driver.spi.sslp2" value="module.driver.spi.sslp2.low"/>
      <property id="module.driver.spi.sslp3" value="module.driver.spi.sslp3.low"/>
      <property id="module.driver.spi.looback1" value="module.driver.spi.looback1.normal"/>
      <property id="module.driver.spi.looback2" value="module.driver.spi.looback2.normal"/>
      <property id="module.driver.spi.mosi_idle_enable" value="module.driver.spi.mosi_idle_enable.disable"/>
      <property id="module.driver.spi.mosi_idle_value" value="module.driver.spi.mosi_idle_value.low"/>
      <property id="module.driver.spi.parity_enable" value="module.driver.spi.parity_enable.disable"/>
      <property id="module.driver.spi.parity_mode" value="module.driver.spi.parity_mode.odd"/>
      <property id="module.driver.spi.ssl_select" value="module.driver.spi.ssl_select.zero"/>
      <property id="module.driver.spi.ssl_level_keep" value="module.driver.spi.ssl_level_keep.not_keep"/>
      <property id="module.driver.spi.clock_delay_enable" value="module.driver.spi.clock_delay_enable.disable"/>
      <property id="module.driver.spi.clock_delay_val" value="module.driver.spi.clock_delay_val.one"/>
      <property id="module.driver.spi.rspi_ssl_neg_delay_state" value="module.driver.spi.rspi_ssl_neg_delay_state.disable"/>
      <property id="module.driver.spi.rspi_ssl_neg_delay_count" value="module.driver.spi.rspi_ssl_neg_delay_count.one"/>
      <property id="module.driver.spi.rspi_next_access_delay_state" value="module.driver.spi.rspi_next_access_delay_state.disable"/>
      <property id="module.driver.spi.rspi_next_access_delay_count" value="module.driver.spi.rspi_next_access_delay_count.one"/>
      <property id="module.driver.spi.rxi_ipl" value="board.icu.common.irq.priority2"/>
      <property id="module.driver.spi.txi_ipl" value="board.icu.common.irq.priority2"/>
      <property id="module.driver.spi.eri_ipl" value="board.icu.common.irq.priority2"/>
    </module>
    <module id="module.el.nxd.ip.2038063004">
      <property id="module.el.nx.ip.name" value="g_ip0"/>
      <property id="module.el.nx.ip.address" value="0,0,0,0"/>
      <property id="module.el.nx.ip.subnet_mask" value="255,255,255,0"/>
      <property id="module.el.nx.ipv6.address_global" value="0x2001,0x0,0x0,0x0,0x0,0x0,0x0,0x1"/>
      <property id="module.el.nx.ipv6.address_local" value="0x0,0x0,0x0,0x0,0x0,0x0,0x0,0x0"/>
      <property id="module.el.nx.ip.stack_size" value="2048"/>
      <property id="module.el.nx.ip.priority" value="3"/>
      <property id="module.el.nx.ip.arp" value="module.el.nx.ip.arp.enable"/>
      <property id="module.el.nx.ip.arp_cache_size" value="512"/>
      <property id="module.el.nx.ip.rarp" value="module.el.nx.ip.rarp.disable"/>
      <property id="module.el.nx.ip.tcp" value="module.el.nx.ip.tcp.enable"/>
      <property id="module.el.nx.ip.udp" value="module.el.nx.ip.udp.enable"/>
      <property id="module.el.nx.ip.icmp" value="module.el.nx.ip.icmp.enable"/>
      <property id="module.el.nx.ip.igmp" value="module.el.nx.ip.igmp.enable"/>
      <property id="module.el.nx.ip.fragmentation" value="module.el.nx.ip.fragmentation.disable"/>
      <property id="module.el.nx.ip.init_function" value="ip_init0"/>
      <property id="module.el.nx.ip.init" value="module.el.nx.ip.init.enable"/>
    </module>
    <module id="module.el.nxd_common.1455613259">
      <property id="module.el.nxd_common.init_function" value="nx_common_init0"/>
      <property id="module.el.nxd_common.init" value="module.el.nxd_common.init.enable"/>
    </module>
    <module id="module.el.nxd.packet_pool.1419141350">
      <property id="module.el.nx.packet_pool.name" value="g_packet_pool0"/>
      <property id="module.el.nx.packet_pool.packet_size" value="1568"/>
      <property id="module.el.nx.packet_pool.number_of_packets" value="16"/>
      <property id="module.el.nx.packet_pool.init_function" value="packet_pool_init0"/>
      <property id="module.el.nx.packet_pool.init" value="module.el.nx.packet_pool.init.enable"/>
    </module>
    <module id="module.el.nxd_bsd.1552820461">
      <property id="module.el.nx_bsd.warning" value="module.el.nx_bsd.warning.disabled"/>
      <property id="module.el.nx_bsd.stack_size" value="2048"/>
      <property id="module.el.nx_bsd.priority" value="3"/>
      <property id="module.el.nx_bsd.init_function" value="nx_bsd_init0"/>
      <property id="module.el.nx_bsd.init" value="module.el.nx_bsd.init.enable"/>
    </module>
    <module id="module.el.nxd.packet_pool.1318839696">
      <property id="module.el.nx.packet_pool.name" value="g_packet_pool_bsd"/>
      <property id="module.el.nx.packet_pool.packet_size" value="1568"/>
      <property id="module.el.nx.packet_pool.number_of_packets" value="16"/>
      <property id="module.el.nx.packet_pool.init_function" value="packet_pool_init1"/>
      <property id="module.el.nx.packet_pool.init" value="module.el.nx.packet_pool.init.enable"/>
    </module>
    <module id="module.framework.sf_el_nx.241532252">
      <property id="module.framework.sf_el_nx.name" value="g_sf_el_nx"/>
      <property id="module.framework.sf_el_nx.channel" value="1"/>
      <property id="module.framework.sf_el_nx.callback" value="NULL"/>
    </module>
    <context id="_hal.0">
      <stack module="module.driver.elc_on_elc.0"/>
      <stack module="module.driver.ioport_on_ioport.0"/>
      <stack module="module.driver.cgc_on_cgc.0"/>
      <stack module="module.driver.fmi_on_fmi.0"/>
    </context>
    <context id="rtos.threadx.thread.0">
      <property id="_symbol" value="blinky_thread"/>
      <property id="rtos.threadx.thread.name" value="Blinky Thread"/>
      <property id="rtos.threadx.thread.stack" value="1024"/>
      <property id="rtos.threadx.thread.priority" value="1"/>
      <property id="rtos.threadx.thread.autostart" value="rtos.threadx.thread.autostart.enabled"/>
      <property id="rtos.threadx.thread.timeslice" value="1"/>
    </context>
    <context id="rtos.threadx.thread.1461201104">
      <property id="_symbol" value="network_thread"/>
      <property id="rtos.threadx.thread.name" value="Network Thread"/>
      <property id="rtos.threadx.thread.stack" value="8192"/>
      <property id="rtos.threadx.thread.priority" value="10"/>
      <property id="rtos.threadx.thread.autostart" value="rtos.threadx.thread.autostart.enabled"/>
      <property id="rtos.threadx.thread.timeslice" value="1"/>
      <stack module="module.el.nxd_src.1288966466">
        <stack module="module.framework.tx_src.2036567947" requires="module.el.nxd_src.requires.tx_src"/>
      </stack>
      <stack module="module.el.nxd.ip.2038063004">
        <stack module="module.el.nxd_common.1455613259" requires="module.el.nx.ip.requires.nxd_common">
          <stack module="module.el.nxd_src.1288966466" requires="module.el.nx.ip.requires.nxd_src">
            <stack module="module.framework.tx_src.2036567947" requires="module.el.nxd_src.requires.tx_src"/>
          </stack>
        </stack>
        <stack module="module.el.nxd.packet_pool.1419141350" requires="module.el.nx.ip.requires.nxd.packet_pool">
          <stack module="module.el.nxd_common.1455613259" requires="module.el.nx.packet_pool.requires.nxd_common">
            <stack module="module.el.nxd_src.1288966466" requires="module.el.nx.ip.requires.nxd_src">
              <stack module="module.framework.tx_src.2036567947" requires="module.el.nxd_src.requires.tx_src"/>
            </stack>
          </stack>
        </stack>
        <stack module="module.framework.sf_el_nx.241532252" requires="module.el.nx.ip.requires.sf_el_nx"/>
      </stack>
      <stack module="module.el.nxd_bsd.1552820461">
        <stack module="module.el.nxd.ip.2038063004" requires="module.el.nx_bsd.requires.nx.ip">
          <stack module="module.el.nxd_common.1455613259" requires="module.el.nx.ip.requires.nxd_common">
            <stack module="module.el.nxd_src.1288966466" requires="module.el.nx.ip.requires.nxd_src">
              <stack module="module.framework.tx_src.2036567947" requires="module.el.nxd_src.requires.tx_src"/>
            </stack>
          </stack>
          <stack module="module.el.nxd.packet_pool.1419141350" requires="module.el.nx.ip.requires.nxd.packet_pool">
            <stack module="module.el.nxd_common.1455613259" requires="module.el.nx.packet_pool.requires.nxd_common">
              <stack module="module.el.nxd_src.1288966466" requires="module.el.nx.ip.requires.nxd_src">
                <stack module="module.framework.tx_src.2036567947" requires="module.el.nxd_src.requires.tx_src"/>
              </stack>
            </stack>
          </stack>
          <stack module="module.framework.sf_el_nx.241532252" requires="module.el.nx.ip.requires.sf_el_nx"/>
        </stack>
        <stack module="module.el.nxd.packet_pool.1318839696" requires="module.el.nx_bsd.requires.nx.packet_pool">
          <stack module="module.el.nxd_common.1455613259" requires="module.el.nx.packet_pool.requires.nxd_common">
            <stack module="module.el.nxd_src.1288966466" requires="module.el.nx.ip.requires.nxd_src">
              <stack module="module.framework.tx_src.2036567947" requires="module.el.nxd_src.requires.tx_src"/>
            </stack>
          </stack>
        </stack>
      </stack>
    </context>
    <config id="config.el.nxd_src">
      <property id="config.el.nxd_src.error_checking" value="config.el.nxd_src.error_checking.enabled"/>
      <property id="config.el.nxd_src.ip_static_routing" value="config.el.nxd_src.ip_static_routing.disabled"/>
      <property id="config.el.nxd_src.physical_header" value=""/>
      <property id="config.el.nxd_src.physical_trailer" value=""/>
      <property id="config.el.nxd_src.arp_defend_by_reply" value="config.el.nxd_src.arp_defend_by_reply.disabled"/>
      <property id="config.el.nxd_src.arp_mac_change_notification" value="config.el.nxd_src.arp_mac_change_notification.disabled"/>
      <property id="config.el.nxd_src.arp_expiration_rate" value=""/>
      <property id="config.el.nxd_src.arp_update_rate" value=""/>
      <property id="config.el.nxd_src.tcp_ack_timer_rate" value=""/>
      <property id="config.el.nxd_src.tcp_fast_timer_rate" value=""/>
      <property id="config.el.nxd_src.tcp_transmit_timer_rate" value=""/>
      <property id="config.el.nxd_src.tcp_keepalive_initial" value=""/>
      <property id="config.el.nxd_src.tcp_keepalive_retry" value=""/>
      <property id="config.el.nxd_src.arp_maximum_retries" value=""/>
      <property id="config.el.nxd_src.arp_max_queue_depth" value=""/>
      <property id="config.el.nxd_src.arp_auto_arp_entry" value="config.el.nxd_src.arp_auto_arp_entry.enabled"/>
      <property id="config.el.nxd_src.max_multicast_groups" value=""/>
      <property id="config.el.nxd_src.max_listen_requests" value=""/>
      <property id="config.el.nxd_src.tcp_keepalive" value="config.el.nxd_src.tcp_keepalive.disabled"/>
      <property id="config.el.nxd_src.tcp_window_scaling" value="config.el.nxd_src.tcp_window_scaling.disabled"/>
      <property id="config.el.nxd_src.tcp_immediate_ack" value="config.el.nxd_src.tcp_immediate_ack.disabled"/>
      <property id="config.el.nxd_src.tcp_ack_every_n_packets" value=""/>
      <property id="config.el.nxd_src.tcp_maximum_retries" value=""/>
      <property id="config.el.nxd_src.tcp_maximum_tx_queue" value=""/>
      <property id="config.el.nxd_src.tcp_retry_shift" value=""/>
      <property id="config.el.nxd_src.tcp_keepalive_retries" value=""/>
      <property id="config.el.nxd_src.driver_deferred_processing" value="config.el.nxd_src.driver_deferred_processing.disabled"/>
      <property id="config.el.nxd_src.loopback_interface" value="config.el.nxd_src.loopback_interface.enabled"/>
      <property id="config.el.nxd_src.max_physical_interfaces" value=""/>
      <property id="config.el.nxd_src.fragmentation" value="config.el.nxd_src.fragmentation.enabled"/>
      <property id="config.el.nxd_src.ip_rx_checksum" value="config.el.nxd_src.ip_rx_checksum.enabled"/>
      <property id="config.el.nxd_src.ip_tx_checksum" value="config.el.nxd_src.ip_tx_checksum.enabled"/>
      <property id="config.el.nxd_src.tcp_rx_checksum" value="config.el.nxd_src.tcp_rx_checksum.enabled"/>
      <property id="config.el.nxd_src.tcp_tx_checksum" value="config.el.nxd_src.tcp_tx_checksum.enabled"/>
      <property id="config.el.nxd_src.udp_rx_checksum" value="config.el.nxd_src.udp_rx_checksum.enabled"/>
      <property id="config.el.nxd_src.udp_tx_checksum" value="config.el.nxd_src.udp_tx_checksum.enabled"/>
      <property id="config.el.nxd_src.reset_disconnect" value="config.el.nxd_src.reset_disconnect.enabled"/>
      <property id="config.el.nxd_src.rx_size_checking" value="config.el.nxd_src.rx_size_checking.enabled"/>
      <property id="config.el.nxd_src.arp_info" value="config.el.nxd_src.arp_info.enabled"/>
      <property id="config.el.nxd_src.ip_info" value="config.el.nxd_src.ip_info.enabled"/>
      <property id="config.el.nxd_src.icmp_info" value="config.el.nxd_src.icmp_info.enabled"/>
      <property id="config.el.nxd_src.igmpv" value="config.el.nxd_src.igmpv.enabled"/>
      <property id="config.el.nxd_src.igmp_info" value="config.el.nxd_src.igmp_info.enabled"/>
      <property id="config.el.nxd_src.packet_info" value="config.el.nxd_src.packet_info.enabled"/>
      <property id="config.el.nxd_src.rarp_info" value="config.el.nxd_src.rarp_info.enabled"/>
      <property id="config.el.nxd_src.tcp_info" value="config.el.nxd_src.tcp_info.enabled"/>
      <property id="config.el.nxd_src.udp_info" value="config.el.nxd_src.udp_info.enabled"/>
      <property id="config.el.nxd_src.extended_notify_support" value="config.el.nxd_src.extended_notify_support.enabled"/>
      <property id="config.el.nxd_src.natd" value="config.el.nxd_src.natd.disabled"/>
      <property id="config.el.nxd_src.packet_header_pad_size" value=""/>
      <property id="config.el.nxd_src.tcp_mss_minimum" value=""/>
      <property id="config.el.nxd_src.source_address_check" value="config.el.nxd_src.source_address_check.disabled"/>
      <property id="config.el.nxd_src.arp_defend_interval" value=""/>
      <property id="config.el.nxd_src.tcp_max_out_of_order_packets" value=""/>
      <property id="config.el.nxd_src.feature_nx_ipv6" value="config.el.nxd_src.feature_nx_ipv6.enabled"/>
      <property id="config.el.nxd_src.ipv6_address_change_notify" value="config.el.nxd_src.ipv6_address_change_notify.disabled"/>
      <property id="config.el.nxd_src.ipv6_path_mtu_discovery" value="config.el.nxd_src.ipv6_path_mtu_discovery.disabled"/>
      <property id="config.el.nxd_src.path_mtu_increase_wait_interval" value=""/>
      <property id="config.el.nxd_src.ipv6_default_router_table_size" value=""/>
      <property id="config.el.nxd_src.ipv6_destination_table_size" value=""/>
      <property id="config.el.nxd_src.ip_max_reassembly_time" value=""/>
      <property id="config.el.nxd_src.ipv4_max_reassembly_time" value=""/>
      <property id="config.el.nxd_src.ipv6_max_reassembly_time" value=""/>
      <property id="config.el.nxd_src.ipv6_multicast" value="config.el.nxd_src.ipv6_multicast.disabled"/>
      <property id="config.el.nxd_src.ipv6_prefix_list_table_size" value=""/>
      <property id="config.el.nxd_src.ipv6_stateless_autoconfig_control" value="config.el.nxd_src.ipv6_stateless_autoconfig_control.disabled"/>
      <property id="config.el.nxd_src.max_ipv6_addresses" value=""/>
      <property id="config.el.nxd_src.delay_first_probe_time" value=""/>
      <property id="config.el.nxd_src.ipv6_dad" value="config.el.nxd_src.ipv6_dad.enabled"/>
      <property id="config.el.nxd_src.ipv6_dad_transmits" value=""/>
      <property id="config.el.nxd_src.ipv6_purge_unused_cache_entries" value="config.el.nxd_src.ipv6_purge_unused_cache_entries.disabled"/>
      <property id="config.el.nxd_src.ipv6_neighbor_cache_size" value=""/>
      <property id="config.el.nxd_src.max_multicast_solicit" value=""/>
      <property id="config.el.nxd_src.max_unicast_solicit" value=""/>
      <property id="config.el.nxd_src.nd_max_queue_depth" value=""/>
      <property id="config.el.nxd_src.reachable_time" value=""/>
      <property id="config.el.nxd_src.retrans_timer" value=""/>
      <property id="config.el.nxd_src.icmpv6_error_message" value="config.el.nxd_src.icmpv6_error_message.enabled"/>
      <property id="config.el.nxd_src.icmpv6_redirect_process" value="config.el.nxd_src.icmpv6_redirect_process.enabled"/>
      <property id="config.el.nxd_src.icmpv6_router_advertisement_process" value="config.el.nxd_src.icmpv6_router_advertisement_process.enabled"/>
      <property id="config.el.nxd_src.icmpv6_router_solicitation" value="config.el.nxd_src.icmpv6_router_solicitation.enabled"/>
      <property id="config.el.nxd_src.icmpv6_max_rtr_solicitations" value=""/>
      <property id="config.el.nxd_src.icmpv6_rtr_solicitation_interval" value=""/>
      <property id="config.el.nxd_src.icmpv4_rx_checksum" value="config.el.nxd_src.icmpv4_rx_checksum.enabled"/>
      <property id="config.el.nxd_src.icmpv6_rx_checksum" value="config.el.nxd_src.icmpv6_rx_checksum.enabled"/>
      <property id="config.el.nxd_src.icmp_rx_checksum" value="config.el.nxd_src.icmp_rx_checksum.enabled"/>
      <property id="config.el.nxd_src.icmpv4_tx_checksum" value="config.el.nxd_src.icmpv4_tx_checksum.enabled"/>
      <property id="config.el.nxd_src.icmpv6_tx_checksum" value="config.el.nxd_src.icmpv6_tx_checksum.enabled"/>
      <property id="config.el.nxd_src.icmp_tx_checksum" value="config.el.nxd_src.icmp_tx_checksum.enabled"/>
    </config>
    <config id="config.framework.sf_el_nx">
      <property id="config.framework.sf_el_nx.param_checking_enable" value="config.framework.sf_el_nx.param_checking_enable.bsp"/>
      <property id="config.framework.sf_el_nx.pin0" value="IOPORT_PORT_09_PIN_03"/>
      <property id="config.framework.sf_el_nx.mach0" value="0x00002E09"/>
      <property id="config.framework.sf_el_nx.macl0" value="0x0A0076C7"/>
      <property id="config.framework.sf_el_nx.pin1" value="IOPORT_PORT_08_PIN_06"/>
      <property id="config.framework.sf_el_nx.mach1" value="0x00002E09"/>
      <property id="config.framework.sf_el_nx.macl1" value="0x0A0076C8"/>
      <property id="config.framework.sf_el_nx.num_rx_desc" value="8"/>
      <property id="config.framework.sf_el_nx.num_tx_desc" value="32"/>
      <property id="config.framework.sf_el_nx.irq_ipl" value="board.icu.common.irq.priority2"/>
    </config>
    <config id="config.driver.cgc">
      <property id="config.driver.cgc.param_checking_enable" value="config.driver.cgc.param_checking_enable.bsp"/>
      <property id="config.driver.cgc.main_osc_wait" value="config.driver.cgc.main_osc_wait.wait_8163"/>
      <property id="config.driver.cgc.main_osc_clock_source" value="config.driver.cgc.main_osc_clock_source.crystal"/>
      <property id="config.driver.cgc.osc_stop_det_used" value="config.driver.cgc.osc_stop_det_used.enabled"/>
      <property id="config.driver.cgc.subclock_drive" value="config.driver.cgc.subclock_drive.standard"/>
      <property id="config.driver.cgc.low_voltage_mode" value="config.driver.cgc.low_voltage_mode.disabled"/>
    </config>
    <config id="config.driver.ioport">
      <property id="config.driver.ioport.checking" value="config.driver.ioport.checking.system"/>
    </config>
    <config id="config.threadx.thread"/>
    <config id="config.driver.icu">
      <property id="config.driver.icu.param_checking_enable" value="config.driver.icu.param_checking_enable.bsp"/>
    </config>
    <config id="config.driver.fmi">
      <property id="config.driver.fmi.param_checking_enable" value="config.driver.fmi.param_checking_enable.bsp"/>
      <property id="config.driver.fmi.custom_base_address_symbol" value="g_fmi_data"/>
      <property id="config.driver.fmi.part_number_mask" value="0xFE00"/>
    </config>
    <config id="config.el.nxd_dhcpv6_client">
      <property id="config.el.nxd_dhcpv6_client.priority" value="3"/>
      <property id="config.el.nxd_dhcpv6_client.mutex_wait" value="TX_WAIT_FOREVER"/>
      <property id="config.el.nxd_dhcpv6_client.ip_lifetime_timer_interval" value="1"/>
      <property id="config.el.nxd_dhcpv6_client.max_ia_address" value="1"/>
      <property id="config.el.nxd_dhcpv6_client.num_dns_servers" value="2"/>
      <property id="config.el.nxd_dhcpv6_client.num_time_servers" value="1"/>
      <property id="config.el.nxd_dhcpv6_client.domain_name_buffer_size" value="32"/>
      <property id="config.el.nxd_dhcpv6_client.time_zone_buffer_size" value="16"/>
      <property id="config.el.nxd_dhcpv6_client.max_message_size" value="100"/>
    </config>
    <config id="config.el.nxd_dhcp_client">
      <property id="config.el.nxd_dhcp_client.priority" value="3"/>
      <property id="config.el.nxd_dhcp_client.thread_stack_size" value="4096"/>
      <property id="config.el.nxd_dhcp_client.time_interval" value="1"/>
      <property id="config.el.nxd_dhcp_client.bootp" value="config.el.nxd_dhcp_client.bootp.disable"/>
      <property id="config.el.nxd_dhcp_client.send_arp_probe" value="config.el.nxd_dhcp_client.send_arp_probe.disable"/>
      <property id="config.el.nxd_dhcp_client.arp_probe_wait" value="1"/>
      <property id="config.el.nxd_dhcp_client.arp_probe_min" value="1"/>
      <property id="config.el.nxd_dhcp_client.arp_probe_max" value="2"/>
      <property id="config.el.nxd_dhcp_client.arp_probe_num" value="2"/>
      <property id="config.el.nxd_dhcp_client.max_retrans_timeout" value="64"/>
      <property id="config.el.nxd_dhcp_client.min_renew_timeout" value="60"/>
      <property id="config.el.nxd_dhcp_client.min_retrans_timeout" value="4"/>
      <property id="config.el.nxd_dhcp_client.packet_payload" value="592"/>
      <property id="config.el.nxd_dhcp_client.packet_pool_size" value="5"/>
      <property id="config.el.nxd_dhcp_client.client_restore_state" value="config.el.nxd_dhcp_client.client_restore_state.disable"/>
      <property id="config.el.nxd_dhcp_client.user_create_packet_pool" value="config.el.nxd_dhcp_client.user_create_packet_pool.disable"/>
      <property id="config.el.nxd_dhcp_client.send_max_dhcp_message_option" value="config.el.nxd_dhcp_client.send_max_dhcp_message_option.disable"/>
      <property id="config.el.nxd_dhcp_client.buffer_size" value="312"/>
      <property id="config.el.nxd_dhcp_client.max_records" value="1"/>
      <property id="config.el.nxd_dhcp_client.restart_wait" value="10"/>
    </config>
    <config id="config.el.nxd"/>
    <config id="config.el.nxd_dhcp_common">
      <property id="config.el.nxd_dhcp_common.tos" value="config.el.nxd_dhcp_common.tos.normal"/>
      <property id="config.el.nxd_dhcp_common.fragment_option" value="config.el.nxd_dhcp_common.fragment_option.dont_fragment"/>
      <property id="config.el.nxd_dhcp_common.time_to_live" value="128"/>
      <property id="config.el.nxd_dhcp_common.queue_depth" value="5"/>
    </config>
    <config id="config.el.nxd_dhcpv6_common">
      <property id="config.el.nxd_dhcpv6_common.tos" value="config.el.nxd_dhcpv6_common.tos.normal"/>
      <property id="config.el.nxd_dhcpv6_common.time_to_live" value="128"/>
      <property id="config.el.nxd_dhcpv6_common.queue_depth" value="5"/>
      <property id="config.el.nxd_dhcpv6_common.packet_time_out" value="3"/>
      <property id="config.el.nxd_dhcpv6_common.session_timer_interval" value="3"/>
    </config>
    <config id="config.el.nxd_http_common">
      <property id="config.el.nxd_http_common.tos" value="config.el.nxd_http_common.tos.normal"/>
      <property id="config.el.nxd_http_common.fragment_option" value="config.el.nxd_http_common.fragment_option.dont_fragment"/>
      <property id="config.el.nxd_http_common.time_to_live" value="128"/>
      <property id="config.el.nxd_http_common.digest" value="config.el.nxd_http_common.digest.disable"/>
      <property id="config.el.nxd_http_common.max_resource" value="40"/>
      <property id="config.el.nxd_http_common.max_password" value="20"/>
      <property id="config.el.nxd_http_common.max_name" value="20"/>
    </config>
    <config id="config.el.nxd_ftp_common">
      <property id="config.el.nxd_ftp_common.filex" value="config.el.nxd_ftp_common.filex.enable"/>
      <property id="config.el.nxd_ftp_common.control_tos" value="config.el.nxd_ftp_common.control_tos.normal"/>
      <property id="config.el.nxd_ftp_common.data_tos" value="config.el.nxd_ftp_common.data_tos.normal"/>
      <property id="config.el.nxd_ftp_common.fragment_option" value="config.el.nxd_ftp_common.fragment_option.dont_fragment"/>
      <property id="config.el.nxd_ftp_common.time_to_live" value="128"/>
      <property id="config.el.nxd_ftp_common.timeout_period" value="60"/>
    </config>
    <config id="config.el.nxd_tftp_common">
      <property id="config.el.nxd_tftp_common.error_string_max" value="64"/>
      <property id="config.el.nxd_tftp_common.time_to_live" value="128"/>
      <property id="config.el.nxd_tftp_common.tos" value="config.el.nxd_tftp_common.tos.normal"/>
      <property id="config.el.nxd_tftp_common.fragment_option" value="config.el.nxd_tftp_common.fragment_option.dont_fragment"/>
    </config>
    <config id="config.el.nxd_telnet_common">
      <property id="config.el.nxd_telnet_common.control_tos" value="config.el.nxd_telnet_common.control_tos.normal"/>
      <property id="config.el.nxd_telnet_common.fragment_option" value="config.el.nxd_telnet_common.fragment_option.dont_fragment"/>
      <property id="config.el.nxd_telnet_common.telnet_server_port" value="23"/>
      <property id="config.el.nxd_telnet_common.time_to_live" value="128"/>
    </config>
    <config id="config.el.nxd_dns_client">
      <property id="config.el.nxd_dns_client.control_tos" value="config.el.nxd_dns_client.control_tos.normal"/>
      <property id="config.el.nxd_dns_client.fragment_option" value="config.el.nxd_dns_client.fragment_option.dont_fragment"/>
      <property id="config.el.nxd_dns_client.time_to_live" value="128"/>
      <property id="config.el.nxd_dns_client.dns_server_ip_version" value="config.el.nxd_dns_client.dns_server_ip_version.ipv4"/>
      <property id="config.el.nxd_dns_client.max_servers" value="5"/>
      <property id="config.el.nxd_dns_client.message_max" value="512"/>
      <property id="config.el.nxd_dns_client.packet_pool_size" value="16"/>
      <property id="config.el.nxd_dns_client.max_retries" value="3"/>
      <property id="config.el.nxd_dns_client.max_retrans_timeout" value="64"/>
      <property id="config.el.nxd_dns_client.packet_allocate_timeout" value="1"/>
      <property id="config.el.nxd_dns_client.ip_gateway_and_dns_server" value="config.el.nxd_dns_client.ip_gateway_and_dns_server.disable"/>
      <property id="config.el.nxd_dns_client.client_user_create_packet_pool" value="config.el.nxd_dns_client.client_user_create_packet_pool.enable"/>
      <property id="config.el.nxd_dns_client.client_clear_queue" value="config.el.nxd_dns_client.client_clear_queue.disable"/>
      <property id="config.el.nxd_dns_client.enable_extended_rr_types" value="config.el.nxd_dns_client.enable_extended_rr_types.disable"/>
      <property id="config.el.nxd_dns_client.cache_enable" value="config.el.nxd_dns_client.cache_enable.disable"/>
    </config>
    <config id="config.driver.elc">
      <property id="config.driver.elc.checking" value="config.driver.elc.checking.system"/>
    </config>
    <config id="config.driver.rspi">
      <property id="config.driver.rspi.param_checking_enable" value="config.driver.rspi.param_checking_enable.bsp"/>
    </config>
    <config id="config.el.tx_src">
      <property id="config.el.tx_src.error_checking" value="config.el.tx_src.error_checking.enabled"/>
      <property id="config.el.tx_src.timer_ticks_per_second" value=""/>
      <property id="config.el.tx_src.max_priorities" value=""/>
      <property id="config.el.tx_src.minimum_stack" value=""/>
      <property id="config.el.tx_src.timer_thread_stack_size" value=""/>
      <property id="config.el.tx_src.timer_thread_priority" value=""/>
      <property id="config.el.tx_src.trace_time_mask" value=""/>
      <property id="config.el.tx_src.timer_process_in_isr" value="config.el.tx_src.timer_process_in_isr.enabled"/>
      <property id="config.el.tx_src.reactivate_inline" value="config.el.tx_src.reactivate_inline.disabled"/>
      <property id="config.el.tx_src.stack_filling" value="config.el.tx_src.stack_filling.enabled"/>
      <property id="config.el.tx_src.stack_checking" value="config.el.tx_src.stack_checking.disabled"/>
      <property id="config.el.tx_src.preemption_threshold" value="config.el.tx_src.preemption_threshold.disabled"/>
      <property id="config.el.tx_src.redundant_clearing" value="config.el.tx_src.redundant_clearing.enabled"/>
      <property id="config.el.tx_src.no_timer" value="config.el.tx_src.no_timer.disabled"/>
      <property id="config.el.tx_src.notify_callbacks" value="config.el.tx_src.notify_callbacks.disabled"/>
      <property id="config.el.tx_src.inline_thread_resume_suspend" value="config.el.tx_src.inline_thread_resume_suspend.disabled"/>
      <property id="config.el.tx_src.not_interruptable" value="config.el.tx_src.not_interruptable.disabled"/>
      <property id="config.el.tx_src.event_trace" value="config.el.tx_src.event_trace.disabled"/>
      <property id="config.el.tx_src.trace_buf_name" value="g_tx_trace_buffer"/>
      <property id="config.el.tx_src.trace_buf_size" value="65536"/>
      <property id="config.el.tx_src.num_registries" value="30"/>
      <property id="config.el.tx_src.block_pool_performance_info" value="config.el.tx_src.block_pool_performance_info.disabled"/>
      <property id="config.el.tx_src.byte_pool_performance_info" value="config.el.tx_src.byte_pool_performance_info.disabled"/>
      <property id="config.el.tx_src.event_flags_performance_info" value="config.el.tx_src.event_flags_performance_info.disabled"/>
      <property id="config.el.tx_src.mutex_performance_info" value="config.el.tx_src.mutex_performance_info.disabled"/>
      <property id="config.el.tx_src.queue_performance_info" value="config.el.tx_src.queue_performance_info.disabled"/>
      <property id="config.el.tx_src.semaphore_performance_info" value="config.el.tx_src.semaphore_performance_info.disabled"/>
      <property id="config.el.tx_src.thread_performance_info" value="config.el.tx_src.thread_performance_info.disabled"/>
      <property id="config.el.tx_src.timer_performance_info" value="config.el.tx_src.timer_performance_info.disabled"/>
      <property id="config.el.tx_src.hw_stack_monitoring" value="config.el.tx_src.hw_stack_monitoring.enabled"/>
      <property id="config.el.tx_src.iar_library_support" value="config.el.tx_src.iar_library_support.disabled"/>
      <property id="config.el.tx_src.epk_support" value="config.el.tx_src.epk_support.disabled"/>
      <property id="config.el.tx_src.tx_thread_extension_0" value=""/>
      <property id="config.el.tx_src.tx_thread_extension_1" value=""/>
      <property id="config.el.tx_src.tx_thread_extension_2" value=""/>
      <property id="config.el.tx_src.tx_thread_extension_3" value="int bsd_errno"/>
      <property id="config.el.tx_src.tx_block_pool_extension" value=""/>
      <property id="config.el.tx_src.tx_byte_pool_extension" value=""/>
      <property id="config.el.tx_src.tx_event_flags_group_extension" value=""/>
      <property id="config.el.tx_src.tx_mutex_extension" value=""/>
      <property id="config.el.tx_src.tx_queue_extension" value=""/>
      <property id="config.el.tx_src.tx_semaphore_extension" value=""/>
      <property id="config.el.tx_src.tx_timer_extension" value=""/>
      <property id="config.el.tx_src.tx_thread_user_extension" value=""/>
      <property id="config.el.tx_src.tx_thread_create_extension" value=""/>
      <property id="config.el.tx_src.tx_thread_delete_extension" value=""/>
      <property id="config.el.tx_src.tx_thread_completed_extension" value=""/>
      <property id="config.el.tx_src.tx_thread_terminated_extension" value=""/>
      <property id="config.el.tx_src.tx_block_pool_create_extension" value=""/>
      <property id="config.el.tx_src.tx_byte_pool_create_extension" value=""/>
      <property id="config.el.tx_src.tx_event_flags_group_create_extension" value=""/>
      <property id="config.el.tx_src.tx_mutex_create_extension" value=""/>
      <property id="config.el.tx_src.tx_queue_create_extension" value=""/>
      <property id="config.el.tx_src.tx_semaphore_create_extension" value=""/>
      <property id="config.el.tx_src.tx_timer_create_extension" value=""/>
      <property id="config.el.tx_src.tx_block_pool_delete_extension" value=""/>
      <property id="config.el.tx_src.tx_byte_pool_delete_extension" value=""/>
      <property id="config.el.tx_src.tx_event_flags_group_delete_extension" value=""/>
      <property id="config.el.tx_src.tx_mutex_delete_extension" value=""/>
      <property id="config.el.tx_src.tx_queue_delete_extension" value=""/>
      <property id="config.el.tx_src.tx_semaphore_delete_extension" value=""/>
      <property id="config.el.tx_src.tx_timer_delete_extension" value=""/>
    </config>
  </synergyModuleConfiguration>
  <synergyPinConfiguration>
    <pincfg active="true" name="S7G2-SK.pincfg" symbol="g_bsp_pin_cfg"/>
  </synergyPinConfiguration>
</synergyConfiguration>
